mse,mae
0.278327,0.364928
