mse,mae
0.457891,0.463963
